{
    "rouge": {
        "rouge1": [
            [
                0.13626096560315243,
                0.30864329381290445,
                0.17333432604306742
            ],
            [
                0.13964061640547237,
                0.31475872094788937,
                0.17669281958367
            ],
            [
                0.1429356827337286,
                0.3210510936492365,
                0.17971248696319414
            ]
        ],
        "rouge2": [
            [
                0.019265371891868777,
                0.04548477417933708,
                0.02449726907044862
            ],
            [
                0.020917387479559797,
                0.048435310282152796,
                0.026212613335609
            ],
            [
                0.022645623510995368,
                0.05154138211303955,
                0.02810170089780363
            ]
        ],
        "rougeL": [
            [
                0.10267999245081054,
                0.22862892977273272,
                0.1295533515099996
            ],
            [
                0.1058180008338338,
                0.23327690622478878,
                0.13241771083035103
            ],
            [
                0.10870005044231325,
                0.23800745991871397,
                0.13514106623380026
            ]
        ],
        "rougeLsum": [
            [
                0.11155571056067448,
                0.2543078440596767,
                0.1419293218207735
            ],
            [
                0.11426158785489779,
                0.26036311025429304,
                0.14470137312029124
            ],
            [
                0.11720091997000576,
                0.2654966903828065,
                0.14743503437184016
            ]
        ]
    },
    "rouge1": 0.17669281958367,
    "rouge2": 0.026212613335609,
    "rougeL": 0.13241771083035103,
    "rougeLsum": 0.14470137312029124,
    "delta_ei": {
        "average": 0.5820594749506429,
        "std": 0.4095507337118452,
        "uniform_preds": 0.5405474311304937,
        "f1_score": {
            "significantly decreased": {
                "precision": 0.07729468599033816,
                "recall": 0.14035087719298245,
                "f1-score": 0.0996884735202492,
                "support": 114
            },
            "no significant difference": {
                "precision": 0.5927903871829105,
                "recall": 0.37279596977329976,
                "f1-score": 0.4577319587628866,
                "support": 1191
            },
            "significantly increased": {
                "precision": 0.35255198487712663,
                "recall": 0.5260930888575458,
                "f1-score": 0.42218449349179393,
                "support": 709
            },
            "accuracy": 0.41360476663356505,
            "macro avg": {
                "precision": 0.34087901935012516,
                "recall": 0.346413311941276,
                "f1-score": 0.32653497525830993,
                "support": 2014
            },
            "weighted avg": {
                "precision": 0.4790388791537377,
                "recall": 0.41360476663356505,
                "f1-score": 0.42495136780217896,
                "support": 2014
            }
        }
    },
    "delta_ei_avg": 0.5820594749506429,
    "delta_ei_std": 0.4095507337118452,
    "accuracy": 0.41360476663356505,
    "delta_ei_macro_p": 0.34087901935012516,
    "delta_ei_macro_r": 0.346413311941276,
    "delta_ei_macro_f1": 0.32653497525830993,
    "delta_ei_micro_p": null,
    "delta_ei_micro_r": null,
    "delta_ei_micro_f1": null
}