{
    "rouge": {
        "rouge1": [
            [
                0.1323173888929908,
                0.2910249684776581,
                0.16896498111935096
            ],
            [
                0.16606174414924688,
                0.345941837624618,
                0.1975620316522017
            ],
            [
                0.20186965316735433,
                0.39754076222111373,
                0.22577917381093537
            ]
        ],
        "rouge2": [
            [
                0.016891546126929263,
                0.04074253943725693,
                0.022483369610914867
            ],
            [
                0.030802115416807482,
                0.06475142606218458,
                0.03659901184496482
            ],
            [
                0.04797566591176382,
                0.09297621380812168,
                0.05430975388325013
            ]
        ],
        "rougeL": [
            [
                0.1075298271987811,
                0.23953226541762795,
                0.13791038222543708
            ],
            [
                0.14069526704442287,
                0.2782496130898394,
                0.16534707739564852
            ],
            [
                0.17561663993769913,
                0.3173928941497734,
                0.1928883099219268
            ]
        ],
        "rougeLsum": [
            [
                0.11120764764554639,
                0.24770369054915875,
                0.14207994967337573
            ],
            [
                0.1432965330971969,
                0.2936062771962288,
                0.16991914674144812
            ],
            [
                0.17828563142696202,
                0.34796928908000324,
                0.19889287429918523
            ]
        ]
    },
    "rouge1": 0.1975620316522017,
    "rouge2": 0.03659901184496482,
    "rougeL": 0.16534707739564852,
    "rougeLsum": 0.16991914674144812,
    "delta_ei": {
        "average": 0.5905223894371608,
        "std": 0.4446294633447072,
        "uniform_preds": 0.5383243782561052,
        "f1_score": {
            "significantly decreased": {
                "precision": 0.0,
                "recall": 0.0,
                "f1-score": 0.0,
                "support": 1
            },
            "no significant difference": {
                "precision": 0.6153846153846154,
                "recall": 0.4,
                "f1-score": 0.4848484848484849,
                "support": 20
            },
            "significantly increased": {
                "precision": 0.26666666666666666,
                "recall": 0.4444444444444444,
                "f1-score": 0.33333333333333337,
                "support": 9
            },
            "accuracy": 0.4,
            "macro avg": {
                "precision": 0.294017094017094,
                "recall": 0.2814814814814815,
                "f1-score": 0.27272727272727276,
                "support": 30
            },
            "weighted avg": {
                "precision": 0.4902564102564103,
                "recall": 0.4,
                "f1-score": 0.4232323232323233,
                "support": 30
            }
        }
    },
    "delta_ei_avg": 0.5905223894371608,
    "delta_ei_std": 0.4446294633447072,
    "accuracy": 0.4,
    "delta_ei_macro_p": 0.294017094017094,
    "delta_ei_macro_r": 0.2814814814814815,
    "delta_ei_macro_f1": 0.27272727272727276,
    "delta_ei_micro_p": null,
    "delta_ei_micro_r": null,
    "delta_ei_micro_f1": null
}