{
    "rouge": {
        "rouge1": [
            [
                0.13763384988328162,
                0.30650839806690167,
                0.1739023146124898
            ],
            [
                0.14099025703448864,
                0.31320055960605786,
                0.17775082476959791
            ],
            [
                0.14468250819629372,
                0.3197540254777206,
                0.1811721957050874
            ]
        ],
        "rouge2": [
            [
                0.022155541042694613,
                0.05108472993623259,
                0.028093083852693008
            ],
            [
                0.023875148782535972,
                0.05428142152331379,
                0.029991847037726317
            ],
            [
                0.025501714211851875,
                0.057504701196047586,
                0.03173576600860889
            ]
        ],
        "rougeL": [
            [
                0.10235944346818643,
                0.2242228451089319,
                0.12856178321519968
            ],
            [
                0.10516422535557786,
                0.22955330480958164,
                0.1312279901018284
            ],
            [
                0.10800501991561852,
                0.23418139716661032,
                0.13405105694960653
            ]
        ],
        "rougeLsum": [
            [
                0.11125526592214116,
                0.25273019465145324,
                0.1414397049018193
            ],
            [
                0.11402953952041328,
                0.25824227579108877,
                0.14417151467621533
            ],
            [
                0.11708351874658553,
                0.2635706616329618,
                0.14730033497620657
            ]
        ]
    },
    "rouge1": 0.17775082476959791,
    "rouge2": 0.029991847037726317,
    "rougeL": 0.1312279901018284,
    "rougeLsum": 0.14417151467621533,
    "delta_ei": {
        "average": 0.6122857225439929,
        "std": 0.391858075311432,
        "uniform_preds": 0.5405474311304939,
        "f1_score": {
            "significantly decreased": {
                "precision": 0.09826589595375723,
                "recall": 0.2982456140350877,
                "f1-score": 0.14782608695652175,
                "support": 114
            },
            "no significant difference": {
                "precision": 0.6407079646017699,
                "recall": 0.30394626364399663,
                "f1-score": 0.4123006833712984,
                "support": 1191
            },
            "significantly increased": {
                "precision": 0.3563009972801451,
                "recall": 0.5543018335684062,
                "f1-score": 0.43377483443708614,
                "support": 709
            },
            "accuracy": 0.39175769612711026,
            "macro avg": {
                "precision": 0.3650916192785574,
                "recall": 0.3854979037491635,
                "f1-score": 0.3313005349216354,
                "support": 2014
            },
            "weighted avg": {
                "precision": 0.5098822765894038,
                "recall": 0.39175769612711026,
                "f1-score": 0.40489009206760374,
                "support": 2014
            }
        }
    },
    "delta_ei_avg": 0.6122857225439929,
    "delta_ei_std": 0.391858075311432,
    "accuracy": 0.39175769612711026,
    "delta_ei_macro_p": 0.3650916192785574,
    "delta_ei_macro_r": 0.3854979037491635,
    "delta_ei_macro_f1": 0.3313005349216354,
    "delta_ei_micro_p": null,
    "delta_ei_micro_r": null,
    "delta_ei_micro_f1": null
}