{
    "rouge": {
        "rouge1": [
            [
                0.13013773531926376,
                0.268358972531198,
                0.16235327872386657
            ],
            [
                0.16298719795375294,
                0.3237687909866366,
                0.19355683302685556
            ],
            [
                0.20382164495597485,
                0.3751653757019525,
                0.22597205720265381
            ]
        ],
        "rouge2": [
            [
                0.01021240917847699,
                0.03402289446258746,
                0.015168040807727153
            ],
            [
                0.02236934720446858,
                0.05980411411009966,
                0.02909737921187852
            ],
            [
                0.03790935496163473,
                0.08778506806142031,
                0.04490991150031815
            ]
        ],
        "rougeL": [
            [
                0.09859893564488957,
                0.20147691780271204,
                0.12471759145786426
            ],
            [
                0.12716262385526245,
                0.24531167645750698,
                0.14955445828138453
            ],
            [
                0.16304407111967653,
                0.290235605505593,
                0.17694876119068972
            ]
        ],
        "rougeLsum": [
            [
                0.1011714417576077,
                0.2124334650292246,
                0.12808491070613665
            ],
            [
                0.13027086919487,
                0.25856172190735505,
                0.1540443722100558
            ],
            [
                0.1718608281395907,
                0.3043491874713349,
                0.1870764878835018
            ]
        ]
    },
    "rouge1": 0.19355683302685556,
    "rouge2": 0.02909737921187852,
    "rougeL": 0.14955445828138453,
    "rougeLsum": 0.1540443722100558,
    "delta_ei": {
        "average": 0.6664440756665162,
        "std": 0.3816861100434777,
        "uniform_preds": 0.5383243782561052,
        "f1_score": {
            "significantly decreased": {
                "precision": 0.0,
                "recall": 0.0,
                "f1-score": 0.0,
                "support": 1
            },
            "no significant difference": {
                "precision": 0.625,
                "recall": 0.25,
                "f1-score": 0.35714285714285715,
                "support": 20
            },
            "significantly increased": {
                "precision": 0.23529411764705882,
                "recall": 0.4444444444444444,
                "f1-score": 0.30769230769230765,
                "support": 9
            },
            "accuracy": 0.3,
            "macro avg": {
                "precision": 0.286764705882353,
                "recall": 0.23148148148148148,
                "f1-score": 0.2216117216117216,
                "support": 30
            },
            "weighted avg": {
                "precision": 0.4872549019607843,
                "recall": 0.3,
                "f1-score": 0.3304029304029304,
                "support": 30
            }
        }
    },
    "delta_ei_avg": 0.6664440756665162,
    "delta_ei_std": 0.3816861100434777,
    "accuracy": 0.3,
    "delta_ei_macro_p": 0.286764705882353,
    "delta_ei_macro_r": 0.23148148148148148,
    "delta_ei_macro_f1": 0.2216117216117216,
    "delta_ei_micro_p": null,
    "delta_ei_micro_r": null,
    "delta_ei_micro_f1": null
}